iOS_2301693981385838@maildrop.cc,Test_1234
iOS_2731693981385837@maildrop.cc,Test_1234
iOS_111693981403748@maildrop.cc,Test_1234
iOS_5141693981405259@maildrop.cc,Test_1234
iOS_3111693981422766@maildrop.cc,Test_1234
iOS_5491693981421300@maildrop.cc,Test_1234
iOS_3201693981438113@maildrop.cc,Test_1234
iOS_331693981439295@maildrop.cc,Test_1234
iOS_2551693981454218@maildrop.cc,Test_1234
iOS_1041693981457857@maildrop.cc,Test_1234
iOS_371693981472819@maildrop.cc,Test_1234
iOS_1911693981473264@maildrop.cc,Test_1234
iOS_4451693981488374@maildrop.cc,Test_1234
iOS_4401693981489528@maildrop.cc,Test_1234
iOS_7311693981506155@maildrop.cc,Test_1234
